model,feature,is_pitcher_id,is_historical
LR-A-NoPitcherID,season,False,False
LR-A-NoPitcherID,game_month,False,False
LR-A-NoPitcherID,game_dayofweek,False,False
LR-A-NoPitcherID,inning,False,False
LR-A-NoPitcherID,top_bottom,False,False
LR-A-NoPitcherID,game_type,False,False
LR-A-NoPitcherID,balls_before,False,False
LR-A-NoPitcherID,strikes_before,False,False
LR-A-NoPitcherID,outs_before,False,False
LR-A-NoPitcherID,run_top_before,False,False
LR-A-NoPitcherID,run_bot_before,False,False
LR-A-NoPitcherID,run_total_before,False,False
LR-A-NoPitcherID,score_diff_home,False,False
LR-A-NoPitcherID,score_diff_pitcher_team,False,False
LR-A-NoPitcherID,runner_on_1b,False,False
LR-A-NoPitcherID,runner_on_2b,False,False
LR-A-NoPitcherID,runner_on_3b,False,False
LR-A-NoPitcherID,num_runners_on,False,False
LR-A-NoPitcherID,base_state,False,False
LR-A-NoPitcherID,home_win_expectancy,False,False
LR-A-NoPitcherID,away_win_expectancy,False,False
LR-A-NoPitcherID,li,False,False
LR-A-NoPitcherID,batter_id,False,False
LR-A-NoPitcherID,pitcher_hand,False,False
LR-A-NoPitcherID,batter_hand,False,False
LR-A-NoPitcherID,pitcher_team_id,False,False
LR-A-NoPitcherID,batter_team_id,False,False
LR-B-PitcherID,season,False,False
LR-B-PitcherID,game_month,False,False
LR-B-PitcherID,game_dayofweek,False,False
LR-B-PitcherID,inning,False,False
LR-B-PitcherID,top_bottom,False,False
LR-B-PitcherID,game_type,False,False
LR-B-PitcherID,balls_before,False,False
LR-B-PitcherID,strikes_before,False,False
LR-B-PitcherID,outs_before,False,False
LR-B-PitcherID,run_top_before,False,False
LR-B-PitcherID,run_bot_before,False,False
LR-B-PitcherID,run_total_before,False,False
LR-B-PitcherID,score_diff_home,False,False
LR-B-PitcherID,score_diff_pitcher_team,False,False
LR-B-PitcherID,runner_on_1b,False,False
LR-B-PitcherID,runner_on_2b,False,False
LR-B-PitcherID,runner_on_3b,False,False
LR-B-PitcherID,num_runners_on,False,False
LR-B-PitcherID,base_state,False,False
LR-B-PitcherID,home_win_expectancy,False,False
LR-B-PitcherID,away_win_expectancy,False,False
LR-B-PitcherID,li,False,False
LR-B-PitcherID,batter_id,False,False
LR-B-PitcherID,pitcher_hand,False,False
LR-B-PitcherID,batter_hand,False,False
LR-B-PitcherID,pitcher_team_id,False,False
LR-B-PitcherID,batter_team_id,False,False
LR-B-PitcherID,pitcher_id,True,False
LR-C-Historical,season,False,False
LR-C-Historical,game_month,False,False
LR-C-Historical,game_dayofweek,False,False
LR-C-Historical,inning,False,False
LR-C-Historical,top_bottom,False,False
LR-C-Historical,game_type,False,False
LR-C-Historical,balls_before,False,False
LR-C-Historical,strikes_before,False,False
LR-C-Historical,outs_before,False,False
LR-C-Historical,run_top_before,False,False
LR-C-Historical,run_bot_before,False,False
LR-C-Historical,run_total_before,False,False
LR-C-Historical,score_diff_home,False,False
LR-C-Historical,score_diff_pitcher_team,False,False
LR-C-Historical,runner_on_1b,False,False
LR-C-Historical,runner_on_2b,False,False
LR-C-Historical,runner_on_3b,False,False
LR-C-Historical,num_runners_on,False,False
LR-C-Historical,base_state,False,False
LR-C-Historical,home_win_expectancy,False,False
LR-C-Historical,away_win_expectancy,False,False
LR-C-Historical,li,False,False
LR-C-Historical,batter_id,False,False
LR-C-Historical,pitcher_hand,False,False
LR-C-Historical,batter_hand,False,False
LR-C-Historical,pitcher_team_id,False,False
LR-C-Historical,batter_team_id,False,False
LR-C-Historical,asof_pitcher_n,False,True
LR-C-Historical,asof_pitcher_success_rate,False,True
LR-C-Historical,asof_pitcher_reverse_rate,False,True
LR-C-Historical,asof_pitcher_middle_rate,False,True
LR-C-Historical,asof_pitcher_ball_rate,False,True
LR-C-Historical,asof_pitcher_strike_rate,False,True
LR-C-Historical,asof_pitcher_prev1_game_success_rate,False,True
LR-C-Historical,asof_pitcher_prev3_game_success_rate,False,True
LR-C-Historical,asof_pitcher_prev5_game_success_rate,False,True
LR-C-Historical,asof_pitcher_prev1_game_middle_rate,False,True
LR-C-Historical,asof_pitcher_prev3_game_middle_rate,False,True
LR-C-Historical,asof_pitcher_prev5_game_middle_rate,False,True
LR-C-Historical,asof_batter_n,False,True
LR-C-Historical,asof_batter_success_rate,False,True
LR-C-Historical,asof_batter_middle_rate,False,True
LR-C-Historical,asof_pitcher_pitchmix_n,False,True
LR-C-Historical,asof_pitcher_fastball_rate,False,True
LR-C-Historical,asof_pitcher_breaking_rate,False,True
LR-C-Historical,asof_pitcher_offspeed_rate,False,True
LR-D-PitcherID-Historical,season,False,False
LR-D-PitcherID-Historical,game_month,False,False
LR-D-PitcherID-Historical,game_dayofweek,False,False
LR-D-PitcherID-Historical,inning,False,False
LR-D-PitcherID-Historical,top_bottom,False,False
LR-D-PitcherID-Historical,game_type,False,False
LR-D-PitcherID-Historical,balls_before,False,False
LR-D-PitcherID-Historical,strikes_before,False,False
LR-D-PitcherID-Historical,outs_before,False,False
LR-D-PitcherID-Historical,run_top_before,False,False
LR-D-PitcherID-Historical,run_bot_before,False,False
LR-D-PitcherID-Historical,run_total_before,False,False
LR-D-PitcherID-Historical,score_diff_home,False,False
LR-D-PitcherID-Historical,score_diff_pitcher_team,False,False
LR-D-PitcherID-Historical,runner_on_1b,False,False
LR-D-PitcherID-Historical,runner_on_2b,False,False
LR-D-PitcherID-Historical,runner_on_3b,False,False
LR-D-PitcherID-Historical,num_runners_on,False,False
LR-D-PitcherID-Historical,base_state,False,False
LR-D-PitcherID-Historical,home_win_expectancy,False,False
LR-D-PitcherID-Historical,away_win_expectancy,False,False
LR-D-PitcherID-Historical,li,False,False
LR-D-PitcherID-Historical,batter_id,False,False
LR-D-PitcherID-Historical,pitcher_hand,False,False
LR-D-PitcherID-Historical,batter_hand,False,False
LR-D-PitcherID-Historical,pitcher_team_id,False,False
LR-D-PitcherID-Historical,batter_team_id,False,False
LR-D-PitcherID-Historical,pitcher_id,True,False
LR-D-PitcherID-Historical,asof_pitcher_n,False,True
LR-D-PitcherID-Historical,asof_pitcher_success_rate,False,True
LR-D-PitcherID-Historical,asof_pitcher_reverse_rate,False,True
LR-D-PitcherID-Historical,asof_pitcher_middle_rate,False,True
LR-D-PitcherID-Historical,asof_pitcher_ball_rate,False,True
LR-D-PitcherID-Historical,asof_pitcher_strike_rate,False,True
LR-D-PitcherID-Historical,asof_pitcher_prev1_game_success_rate,False,True
LR-D-PitcherID-Historical,asof_pitcher_prev3_game_success_rate,False,True
LR-D-PitcherID-Historical,asof_pitcher_prev5_game_success_rate,False,True
LR-D-PitcherID-Historical,asof_pitcher_prev1_game_middle_rate,False,True
LR-D-PitcherID-Historical,asof_pitcher_prev3_game_middle_rate,False,True
LR-D-PitcherID-Historical,asof_pitcher_prev5_game_middle_rate,False,True
LR-D-PitcherID-Historical,asof_batter_n,False,True
LR-D-PitcherID-Historical,asof_batter_success_rate,False,True
LR-D-PitcherID-Historical,asof_batter_middle_rate,False,True
LR-D-PitcherID-Historical,asof_pitcher_pitchmix_n,False,True
LR-D-PitcherID-Historical,asof_pitcher_fastball_rate,False,True
LR-D-PitcherID-Historical,asof_pitcher_breaking_rate,False,True
LR-D-PitcherID-Historical,asof_pitcher_offspeed_rate,False,True
