fold,model,train_period,valid_season,raw_feature_count,transformed_feature_count,pitcher_id,penalty,C,l1_ratio,solver,overall_brier,known_brier,unknown_brier,overall_logloss,coef_total_count,coef_nonzero_count,coef_zero_count,coefficient_sparsity,n_iter,converged,convergence_warning,warning_message,preprocess_seconds,fit_seconds,predict_seconds
1,LR-C-Historical,2019~2021,2022,46,683,False,elasticnet,0.001,0.25,saga,0.2448952476868164,0.2450359831016807,0.24414180917132644,0.6827570920017023,683,61,622,0.9106881405563689,32,True,False,,12.647727327999746,65.924421609001,0.03073041999959969
2,LR-C-Historical,2019~2022,2023,46,771,False,elasticnet,0.001,0.25,saga,0.24989111462843827,0.24990041928947665,0.24983298535295614,0.6929874917790813,771,62,709,0.9195849546044098,33,True,False,,17.471264092000638,92.65741592799895,0.03614807499980088
3,LR-C-Historical,2019~2023,2024,46,842,False,elasticnet,0.001,0.25,saga,0.24912229896780233,0.24937234206582487,0.24811335112973137,0.6914023832707992,842,61,781,0.9275534441805225,47,True,False,,21.46951528199861,166.07980614799817,0.04193931000190787
1,LR-C-Historical,2019~2021,2022,46,683,False,elasticnet,0.01,0.25,saga,0.2448612316898656,0.24498863630262335,0.24417916071011006,0.6826845640152303,683,212,471,0.6896046852122987,41,True,False,,12.647727327999746,109.87709528699997,0.036477415000263136
2,LR-C-Historical,2019~2022,2023,46,771,False,elasticnet,0.01,0.25,saga,0.2499204412841513,0.2499287557754659,0.24986849792435312,0.6930556013860136,771,230,541,0.7016861219195849,29,True,False,,17.471264092000638,109.20696512799987,0.038310979998641415
3,LR-C-Historical,2019~2023,2024,46,842,False,elasticnet,0.01,0.25,saga,0.24917887795539168,0.24943091689489394,0.24816187670588147,0.6915206256948402,842,260,582,0.6912114014251781,27,True,False,,21.46951528199861,131.8198320420015,0.041282518999651074
1,LR-C-Historical,2019~2021,2022,46,683,False,elasticnet,0.1,0.25,saga,0.24484813969207667,0.24497084928103477,0.244191203904946,0.6826574037313574,683,554,129,0.18887262079062958,21,True,False,,12.647727327999746,85.4665578410004,0.03374276300019119
2,LR-C-Historical,2019~2022,2023,46,771,False,elasticnet,0.1,0.25,saga,0.24997922051101717,0.24999017553773398,0.24991078085874924,0.6931758152509919,771,608,163,0.21141374837872892,26,True,False,,17.471264092000638,149.51484826500018,0.04914645199824008
3,LR-C-Historical,2019~2023,2024,46,842,False,elasticnet,0.1,0.25,saga,0.2491950960536264,0.24944618942927244,0.2481819102447981,0.6915550681579645,842,672,170,0.20190023752969122,22,True,False,,21.46951528199861,170.3745354340026,0.05406925900024362
1,LR-C-Historical,2019~2021,2022,46,683,False,elasticnet,1.0,0.25,saga,0.24482188198153687,0.24495459127113464,0.24411141198190953,0.6826053794841342,683,677,6,0.008784773060029283,20,True,False,,12.647727327999746,93.21643595800015,0.035520613000699086
2,LR-C-Historical,2019~2022,2023,46,771,False,elasticnet,1.0,0.25,saga,0.25003580767123157,0.250050450339251,0.24994433011180392,0.6932931781840616,771,761,10,0.01297016861219196,20,True,False,,17.471264092000638,133.20254856999964,0.038767284000641666
3,LR-C-Historical,2019~2023,2024,46,842,False,elasticnet,1.0,0.25,saga,0.24921091214624724,0.24946361745054685,0.2481912220509864,0.6915879029935451,842,830,12,0.014251781472684086,24,True,False,,21.46951528199861,215.07727525800146,0.054825741000968264
1,LR-C-Historical,2019~2021,2022,46,683,False,elasticnet,10.0,0.25,saga,0.2448049592906502,0.24494101023730333,0.24407659945758178,0.6825717605580551,683,683,0,0.0,19,True,False,,12.647727327999746,88.87363476700011,0.03291876100047375
2,LR-C-Historical,2019~2022,2023,46,771,False,elasticnet,10.0,0.25,saga,0.250074989365357,0.2500929430351332,0.24996282688979374,0.6933742817676007,771,770,1,0.0012970168612191958,38,True,False,,17.471264092000638,256.98757839300015,0.047123475997068454
3,LR-C-Historical,2019~2023,2024,46,842,False,elasticnet,10.0,0.25,saga,0.24923100182227048,0.249486264471591,0.24820099259502557,0.6916290406831421,842,842,0,0.0,18,True,False,,21.46951528199861,163.04876918399896,0.04187923100107582
1,LR-C-Historical,2019~2021,2022,46,683,False,elasticnet,100.0,0.25,saga,0.24479714952234422,0.24493595862996706,0.24405402364969356,0.68255608999613,683,683,0,0.0,41,True,False,,12.647727327999746,192.0394908899998,0.03600561299936089
2,LR-C-Historical,2019~2022,2023,46,771,False,elasticnet,100.0,0.25,saga,0.2501012241707864,0.250120972644043,0.24997784896801958,0.6934309674720138,771,771,0,0.0,20,True,False,,17.471264092000638,135.5853845269994,0.03865302600024734
3,LR-C-Historical,2019~2023,2024,46,842,False,elasticnet,100.0,0.25,saga,0.24921546264054298,0.24946554367866175,0.24820636171055202,0.6915976326389567,842,842,0,0.0,15,True,False,,21.46951528199861,136.13871497199943,0.04245329800323816
1,LR-C-Historical,2019~2021,2022,46,683,False,elasticnet,0.001,0.5,saga,0.24488728133712184,0.24502887676023896,0.2441292386973467,0.6827401111222205,683,45,638,0.9341142020497804,27,True,False,,12.647727327999746,54.51295811199998,0.032079243999760365
2,LR-C-Historical,2019~2022,2023,46,771,False,elasticnet,0.001,0.5,saga,0.24990593415387904,0.24991980747950826,0.2498192629292065,0.6930176940572566,771,44,727,0.9429312581063554,50,True,False,,17.471264092000638,133.09236147199772,0.04360651900060475
3,LR-C-Historical,2019~2023,2024,46,842,False,elasticnet,0.001,0.5,saga,0.24911384167390713,0.24936556859088052,0.24809809946517233,0.6913855903575421,842,45,797,0.9465558194774347,22,True,False,,21.46951528199861,75.4827130090016,0.03862543099967297
1,LR-C-Historical,2019~2021,2022,46,683,False,elasticnet,0.01,0.5,saga,0.24485827284282743,0.24498370088988344,0.24418678356867565,0.6826780265884693,683,137,546,0.7994143484626647,45,True,False,,12.647727327999746,107.47789908900086,0.04432970500056399
2,LR-C-Historical,2019~2022,2023,46,771,False,elasticnet,0.01,0.5,saga,0.2499257093355327,0.2499341699751026,0.24987285293955144,0.6930662258943181,771,153,618,0.8015564202334631,35,True,False,,17.471264092000638,115.10000155099988,0.038711959998181555
3,LR-C-Historical,2019~2023,2024,46,842,False,elasticnet,0.01,0.5,saga,0.2491799667157944,0.24943295167415905,0.24815914818960824,0.6915229802847366,842,162,680,0.8076009501187649,26,True,False,,21.46951528199861,108.91316041800019,0.04164025399950333
1,LR-C-Historical,2019~2021,2022,46,683,False,elasticnet,0.1,0.5,saga,0.24484201025669264,0.24496553374421465,0.24418071719725645,0.6826442602236908,683,448,235,0.3440702781844802,23,True,False,,12.647727327999746,83.40649827500056,0.046824326000205474
2,LR-C-Historical,2019~2022,2023,46,771,False,elasticnet,0.1,0.5,saga,0.2499732711125277,0.2499820676612386,0.24991831618174654,0.6931669493680073,771,498,273,0.3540856031128405,25,True,False,,17.471264092000638,130.42641089600147,0.05052756000077352
3,LR-C-Historical,2019~2023,2024,46,842,False,elasticnet,0.1,0.5,saga,0.24920124442703512,0.24945386569981484,0.24818189340700172,0.6915676544104016,842,567,275,0.32660332541567694,16,True,False,,21.46951528199861,111.38708600999962,0.04152441400219686
1,LR-C-Historical,2019~2021,2022,46,683,False,elasticnet,1.0,0.5,saga,0.24482074298981185,0.24495272571925195,0.2441141626892131,0.682602801822572,683,667,16,0.02342606149341142,19,True,False,,12.647727327999746,86.85837113199887,0.0441402950000338
2,LR-C-Historical,2019~2022,2023,46,771,False,elasticnet,1.0,0.5,saga,0.25002137928510243,0.25003328453214113,0.2499470032941936,0.6932646915356213,771,741,30,0.038910505836575876,26,True,False,,17.471264092000638,170.43674766999902,0.049606798998866
3,LR-C-Historical,2019~2023,2024,46,842,False,elasticnet,1.0,0.5,saga,0.2492114484496117,0.24946462835347102,0.248189843299692,0.6915890461059088,842,815,27,0.032066508313539195,19,True,False,,21.46951528199861,166.39677171800213,0.0411107500003709
1,LR-C-Historical,2019~2021,2022,46,683,False,elasticnet,10.0,0.5,saga,0.2448030311973895,0.24493903880233436,0.24407490339768995,0.6825674028604706,683,683,0,0.0,19,True,False,,12.647727327999746,89.78529328699915,0.037180363999141264
2,LR-C-Historical,2019~2022,2023,46,771,False,elasticnet,10.0,0.5,saga,0.2500708306888772,0.25008781203610725,0.2499647426318138,0.6933656237804927,771,770,1,0.0012970168612191958,23,True,False,,17.471264092000638,155.29016017699905,0.039110607001930475
3,LR-C-Historical,2019~2023,2024,46,842,False,elasticnet,10.0,0.5,saga,0.24923054912527062,0.24948621586053374,0.24819890937256345,0.691628148185638,842,842,0,0.0,18,True,False,,21.46951528199861,161.6118961309985,0.04296374499972444
1,LR-C-Historical,2019~2021,2022,46,683,False,elasticnet,100.0,0.5,saga,0.24479587632075694,0.2449347086174282,0.24405262630364544,0.682553094235985,683,683,0,0.0,41,True,False,,12.647727327999746,192.49129857800108,0.039523876999737695
2,LR-C-Historical,2019~2022,2023,46,771,False,elasticnet,100.0,0.5,saga,0.2501001454022781,0.25011947862497885,0.24997936440620577,0.6934276008547017,771,771,0,0.0,28,True,False,,17.471264092000638,189.59567355599938,0.04228429900103947
3,LR-C-Historical,2019~2023,2024,46,842,False,elasticnet,100.0,0.5,saga,0.24921505598731689,0.2494654903476089,0.24820452936853238,0.6915968442300786,842,842,0,0.0,15,True,False,,21.46951528199861,135.9698113409977,0.041731783996510785
1,LR-C-Historical,2019~2021,2022,46,683,False,elasticnet,0.001,0.75,saga,0.24487114142589386,0.24501322418859328,0.24411048977394004,0.6827056155514883,683,36,647,0.9472913616398243,27,True,False,,12.647727327999746,54.19953914800135,0.03395583400015312
2,LR-C-Historical,2019~2022,2023,46,771,False,elasticnet,0.001,0.75,saga,0.24991740886575448,0.2499328309470398,0.24982106205550011,0.6930412513359954,771,30,741,0.9610894941634242,33,True,False,,17.471264092000638,87.41203166500054,0.03760765699917101
3,LR-C-Historical,2019~2023,2024,46,842,False,elasticnet,0.001,0.75,saga,0.24911706650641616,0.24937171839533223,0.24808952175587412,0.6913918226012958,842,41,801,0.9513064133016627,24,True,False,,21.46951528199861,81.80917906800096,0.04005331599910278
1,LR-C-Historical,2019~2021,2022,46,683,False,elasticnet,0.01,0.75,saga,0.2448458798213688,0.24497132477736527,0.24417430002382615,0.6826517835758916,683,100,583,0.8535871156661786,45,True,False,,12.647727327999746,101.26321282299978,0.03600105900113704
2,LR-C-Historical,2019~2022,2023,46,771,False,elasticnet,0.01,0.75,saga,0.24992652684715025,0.2499347638184092,0.24987506778061563,0.6930679980787865,771,111,660,0.8560311284046692,30,True,False,,17.471264092000638,92.7421482610007,0.036077707998629194
3,LR-C-Historical,2019~2023,2024,46,842,False,elasticnet,0.01,0.75,saga,0.24916804100238946,0.24942055712973887,0.24814911425423286,0.6914986838610165,842,116,726,0.8622327790973872,22,True,False,,21.46951528199861,85.75812280399987,0.03866902499794378
1,LR-C-Historical,2019~2021,2022,46,683,False,elasticnet,0.1,0.75,saga,0.24483103543136073,0.24495572571259958,0.24416349584664968,0.6826211621772988,683,389,294,0.43045387994143486,28,True,False,,12.647727327999746,96.3514724150009,0.04344339300041611
2,LR-C-Historical,2019~2022,2023,46,771,False,elasticnet,0.1,0.75,saga,0.24997715216526695,0.24998605232044668,0.24992154997082436,0.6931748329805578,771,446,325,0.42153047989623865,25,True,False,,17.471264092000638,120.90022881199911,0.048431278999487404
3,LR-C-Historical,2019~2023,2024,46,842,False,elasticnet,0.1,0.75,saga,0.24920241527309223,0.24945540860752363,0.248181562948675,0.6915699659795465,842,492,350,0.4156769596199525,21,True,False,,21.46951528199861,135.00661115600087,0.05023916699792608
1,LR-C-Historical,2019~2021,2022,46,683,False,elasticnet,1.0,0.75,saga,0.24481156774488513,0.24494425723917176,0.24410120372106878,0.6825833948547976,683,655,28,0.040995607613469986,19,True,False,,12.647727327999746,85.00534966300074,0.04674900300051377
2,LR-C-Historical,2019~2022,2023,46,771,False,elasticnet,1.0,0.75,saga,0.2500248210230837,0.25003688314735434,0.24994946496854983,0.6932717069544263,771,717,54,0.07003891050583658,28,True,False,,17.471264092000638,179.31592336200265,0.03940638800122542
3,LR-C-Historical,2019~2023,2024,46,842,False,elasticnet,1.0,0.75,saga,0.2492367000559685,0.24949434517940422,0.24819707731758592,0.6916402276309775,842,801,41,0.048693586698337295,17,True,False,,21.46951528199861,146.07097210199936,0.04092142599984072
1,LR-C-Historical,2019~2021,2022,46,683,False,elasticnet,10.0,0.75,saga,0.2447955470475385,0.2449321886165044,0.2440640252697744,0.6825514743743437,683,682,1,0.0014641288433382138,19,True,False,,12.647727327999746,89.48205463399972,0.03319420799925865
2,LR-C-Historical,2019~2022,2023,46,771,False,elasticnet,10.0,0.75,saga,0.25007025944062317,0.2500864727195563,0.24996896975863592,0.6933642427933726,771,770,1,0.0012970168612191958,24,True,False,,17.471264092000638,162.752202923999,0.038518284000019776
3,LR-C-Historical,2019~2023,2024,46,842,False,elasticnet,10.0,0.75,saga,0.2492478124233189,0.24950648065767797,0.24820406133441472,0.6916631459872195,842,841,1,0.0011876484560570072,17,True,False,,21.46951528199861,153.20062609700108,0.04210935899754986
1,LR-C-Historical,2019~2021,2022,46,683,False,elasticnet,100.0,0.75,saga,0.24478926117315045,0.2449286095365367,0.24404324835081365,0.6825390097337257,683,683,0,0.0,41,True,False,,12.647727327999746,191.94720536600107,0.03616056099963316
2,LR-C-Historical,2019~2022,2023,46,771,False,elasticnet,100.0,0.75,saga,0.2501021268564459,0.25012154915257667,0.24998078938938206,0.6934316510916166,771,771,0,0.0,28,True,False,,17.471264092000638,189.04153235400008,0.03913235100117163
3,LR-C-Historical,2019~2023,2024,46,842,False,elasticnet,100.0,0.75,saga,0.2492173255022461,0.24946827381371225,0.24820472504127133,0.691601438798455,842,842,0,0.0,14,True,False,,21.46951528199861,126.19492148900099,0.04110217500056024
1,LR-C-Historical,2019~2021,2022,46,683,False,l1,0.001,,saga,0.24486241761611782,0.24500680324445956,0.24408943738523078,0.6826877083102294,683,26,657,0.9619326500732065,35,True,False,,12.647727327999746,67.20489306299896,0.044109731001299224
2,LR-C-Historical,2019~2022,2023,46,771,False,l1,0.001,,saga,0.24989255975633184,0.24991343851900233,0.24976212326412742,0.6929881276876761,771,25,746,0.9675745784695201,30,True,False,,17.471264092000638,79.59517201900235,0.034981002998392796
3,LR-C-Historical,2019~2023,2024,46,842,False,l1,0.001,,saga,0.24912917806396326,0.2493862385039035,0.2480919145794593,0.6914161083585089,842,36,806,0.9572446555819477,34,True,False,,21.46951528199861,113.38076519300012,0.04118094600198674
1,LR-C-Historical,2019~2021,2022,46,683,False,l1,0.01,,saga,0.24483770131198976,0.24496327428052794,0.24416543618886982,0.6826353024412526,683,92,591,0.8653001464128843,35,True,False,,12.647727327999746,78.94221599199955,0.03192934099934064
2,LR-C-Historical,2019~2022,2023,46,771,False,l1,0.01,,saga,0.24994355914030714,0.24995327630888234,0.24988285279467176,0.693102902068581,771,94,677,0.8780804150453956,31,True,False,,17.471264092000638,91.42518294000183,0.04687233199729235
3,LR-C-Historical,2019~2023,2024,46,842,False,l1,0.01,,saga,0.2491803866717085,0.2494349333266547,0.2481532665503092,0.6915238073569433,842,97,745,0.8847980997624703,23,True,False,,21.46951528199861,86.90090081499875,0.053869473002123414
1,LR-C-Historical,2019~2021,2022,46,683,False,l1,0.1,,saga,0.2448294239154623,0.24495354698446065,0.24416492094771733,0.6826179731450028,683,350,333,0.48755490483162517,34,True,False,,12.647727327999746,109.91532959399956,0.045817584001270006
2,LR-C-Historical,2019~2022,2023,46,771,False,l1,0.1,,saga,0.2500011142681589,0.25001217515138385,0.24993201329549444,0.6932209341921256,771,376,395,0.5123216601815823,28,True,False,,17.471264092000638,126.01464900599967,0.03913763200034737
3,LR-C-Historical,2019~2023,2024,46,842,False,l1,0.1,,saga,0.24920299183854844,0.24945595303776966,0.24818226918278072,0.6915711685360452,842,427,415,0.49287410926365793,26,True,False,,21.46951528199861,158.6913835000014,0.052064195999264484
1,LR-C-Historical,2019~2021,2022,46,683,False,l1,1.0,,saga,0.24481259787156492,0.24494492526929593,0.24410417236117535,0.6825855445339519,683,637,46,0.06734992679355783,24,True,False,,12.647727327999746,105.97337684400009,0.03843839399996796
2,LR-C-Historical,2019~2022,2023,46,771,False,l1,1.0,,saga,0.25004955779461163,0.2500634372194216,0.24996284846635297,0.6933209170497912,771,702,69,0.08949416342412451,22,True,False,,17.471264092000638,138.92291735000254,0.03938696200202685
3,LR-C-Historical,2019~2023,2024,46,842,False,l1,1.0,,saga,0.2492380576177874,0.2494957519656975,0.2481982362539385,0.6916429698927943,842,786,56,0.0665083135391924,17,True,False,,21.46951528199861,143.99485334600104,0.0410096359992167
1,LR-C-Historical,2019~2021,2022,46,683,False,l1,10.0,,saga,0.24479934324042307,0.2449349994692821,0.24407309656124088,0.6825594461145691,683,682,1,0.0014641288433382138,23,True,False,,12.647727327999746,107.25092211799893,0.046959043998867855
2,LR-C-Historical,2019~2022,2023,46,771,False,l1,10.0,,saga,0.2500837474104894,0.25010124268026174,0.24997444871040303,0.6933919395773136,771,769,2,0.0025940337224383916,37,True,False,,17.471264092000638,249.58210263300134,0.042491641997912666
3,LR-C-Historical,2019~2023,2024,46,842,False,l1,10.0,,saga,0.24924905648798787,0.24950767065760546,0.2482055235554914,0.6916656285114626,842,840,2,0.0023752969121140144,17,True,False,,21.46951528199861,153.7082160099999,0.044578244000149425
1,LR-C-Historical,2019~2021,2022,46,683,False,l1,100.0,,saga,0.24479016931851255,0.24492954627968525,0.24404400339559476,0.682540994248381,683,683,0,0.0,42,True,False,,12.647727327999746,197.48644500299997,0.036283412999182474
2,LR-C-Historical,2019~2022,2023,46,771,False,l1,100.0,,saga,0.2501079829228961,0.25012726927740486,0.24998749472782245,0.6934444855552507,771,770,1,0.0012970168612191958,20,True,False,,17.471264092000638,135.41289818400037,0.04905617400072515
3,LR-C-Historical,2019~2023,2024,46,842,False,l1,100.0,,saga,0.24921307161011844,0.2494628270146852,0.2482052846426843,0.691592755106621,842,842,0,0.0,13,True,False,,21.46951528199861,117.93592904400066,0.041748990002815844
1,LR-C-Historical,2019~2021,2022,46,683,False,l2,0.001,,saga,0.24420293646799815,0.24432269345400215,0.24356180768146282,0.6813077219258099,683,683,0,0.0,321,True,False,,12.647727327999746,569.1478931129986,0.05281150299924775
2,LR-C-Historical,2019~2022,2023,46,771,False,l2,0.001,,saga,0.2513676974658107,0.25143026333768587,0.2509768279019414,0.6960745637037974,771,771,0,0.0,310,True,False,,17.471264092000638,741.8049325049979,0.05358687199986889
3,LR-C-Historical,2019~2023,2024,46,842,False,l2,0.001,,saga,0.24986599235584883,0.250136084711488,0.24877614384390595,0.6929206836903785,842,842,0,0.0,264,True,False,,21.46951528199861,802.414328982999,0.17175226299877977
1,LR-C-Historical,2019~2021,2022,46,683,False,l2,0.01,,saga,0.24417584642992882,0.24430269923876663,0.24349672957743917,0.6812532188780601,683,683,0,0.0,16,True,False,,12.647727327999746,33.12905718799993,0.030390838999664993
2,LR-C-Historical,2019~2022,2023,46,771,False,l2,0.01,,saga,0.25141605838732983,0.251493364600847,0.25093310106481154,0.6961795154555754,771,771,0,0.0,21,True,False,,17.471264092000638,49.38364373899822,0.03282172699982766
3,LR-C-Historical,2019~2023,2024,46,842,False,l2,0.01,,saga,0.24976860086922645,0.2500252455492213,0.2487330150159041,0.6927234970190281,842,842,0,0.0,12,True,False,,21.46951528199861,35.62489434899908,0.033925544001249364
1,LR-C-Historical,2019~2021,2022,46,683,False,l2,0.1,,saga,0.24415710207822824,0.2442889558912184,0.24345121194235333,0.6812144375958126,683,683,0,0.0,30,True,False,,12.647727327999746,52.07523754899921,0.040720585000599385
2,LR-C-Historical,2019~2022,2023,46,771,False,l2,0.1,,saga,0.2514582879669768,0.2515418508490535,0.2509362431797143,0.6962706921983869,771,771,0,0.0,19,True,False,,17.471264092000638,46.39067712999895,0.043763540001236834
3,LR-C-Historical,2019~2023,2024,46,842,False,l2,0.1,,saga,0.24992552840547713,0.25020362783782346,0.2488033705724741,0.6930456792927857,842,842,0,0.0,9,True,False,,21.46951528199861,27.33362886699979,0.03819295100038289
1,LR-C-Historical,2019~2021,2022,46,683,False,l2,1.0,,saga,0.24414188851952767,0.2442709111844061,0.24345115516584906,0.6811839162408233,683,683,0,0.0,22,True,False,,12.647727327999746,38.62015039399921,0.03170022899939795
2,LR-C-Historical,2019~2022,2023,46,771,False,l2,1.0,,saga,0.25151484818462766,0.251608137550634,0.2509320388556491,0.6963942308357676,771,771,0,0.0,15,True,False,,17.471264092000638,35.19483629200113,0.03212632500071777
3,LR-C-Historical,2019~2023,2024,46,842,False,l2,1.0,,saga,0.2499389399523803,0.2502181103340266,0.2488124607364257,0.6930735081983999,842,842,0,0.0,9,True,False,,21.46951528199861,27.280716352997842,0.030010402002517367
1,LR-C-Historical,2019~2021,2022,46,683,False,l2,10.0,,saga,0.2441360125714118,0.24425542343284073,0.2434967367910044,0.6811738845252614,683,683,0,0.0,13,True,False,,12.647727327999746,23.541889693000485,0.029267568999785
2,LR-C-Historical,2019~2022,2023,46,771,False,l2,10.0,,saga,0.25160929589813136,0.2517164975240495,0.2509395721092221,0.69660266310626,771,771,0,0.0,10,True,False,,17.471264092000638,24.405866821998643,0.031100210999284172
3,LR-C-Historical,2019~2023,2024,46,842,False,l2,10.0,,saga,0.2499378368698043,0.25021663763838714,0.24881284907794504,0.6930710315533435,842,842,0,0.0,9,True,False,,21.46951528199861,27.383046040999034,0.031405661000462715
1,LR-C-Historical,2019~2021,2022,46,683,False,l2,100.0,,saga,0.2441316317944643,0.24426569345431462,0.24341392177045157,0.6811625357369294,683,683,0,0.0,15,True,False,,12.647727327999746,26.6516332830015,0.028015437001158716
2,LR-C-Historical,2019~2022,2023,46,771,False,l2,100.0,,saga,0.2523627058705858,0.252541047179682,0.2512485491008151,0.698211480130848,771,771,0,0.0,8,True,False,,17.471264092000638,18.515428163998877,0.028651994001847925
3,LR-C-Historical,2019~2023,2024,46,842,False,l2,100.0,,saga,0.2497354123828784,0.24998629455614868,0.24872307879585603,0.6926558733661119,842,842,0,0.0,10,True,False,,21.46951528199861,30.018649810997886,0.031122666998271598
1,LR-D-PitcherID-Historical,2019~2021,2022,47,1243,True,elasticnet,0.001,0.25,saga,0.24489526261290315,0.24503599527427666,0.24414183883845075,0.6827571294641172,1243,62,1181,0.9501206757843926,32,True,False,,13.281633615000828,65.78542733900031,0.042131476000577095
2,LR-D-PitcherID-Historical,2019~2022,2023,47,1419,True,elasticnet,0.001,0.25,saga,0.2498910976289204,0.24990039392847033,0.24983302059040438,0.6929874457394756,1419,66,1353,0.9534883720930233,33,True,False,,17.57800728100119,96.17633330800163,0.049868517999129836
3,LR-D-PitcherID-Historical,2019~2023,2024,47,1553,True,elasticnet,0.001,0.25,saga,0.24912227946043133,0.24937229348260098,0.24811344894621087,0.6914023410672488,1553,68,1485,0.9562137797810689,47,True,False,,21.018469179998647,172.49885977499798,0.04267812699981732
1,LR-D-PitcherID-Historical,2019~2021,2022,47,1243,True,elasticnet,0.01,0.25,saga,0.24485806841501023,0.24498516188306185,0.2441776631738018,0.6826781156666261,1243,349,894,0.7192276749798874,41,True,False,,13.281633615000828,136.48697581300075,0.038015914000425255
2,LR-D-PitcherID-Historical,2019~2022,2023,47,1419,True,elasticnet,0.01,0.25,saga,0.24991927817249923,0.24992740900389726,0.2498684821965588,0.6930532811233635,1419,395,1024,0.7216349541930938,29,True,False,,17.57800728100119,137.15834888500103,0.047577833000104874
3,LR-D-PitcherID-Historical,2019~2023,2024,47,1553,True,elasticnet,0.01,0.25,saga,0.2491778863593877,0.24942962360113222,0.2481621024892128,0.6915185987357837,1553,467,1086,0.6992916934964585,28,True,False,,21.018469179998647,178.89512592900428,0.0437204450063291
1,LR-D-PitcherID-Historical,2019~2021,2022,47,1243,True,elasticnet,0.1,0.25,saga,0.24483920199388487,0.24496362794971488,0.2441730774967965,0.6826387464960161,1243,1026,217,0.1745776347546259,20,True,False,,13.281633615000828,120.03666274699935,0.036447436001253664
2,LR-D-PitcherID-Historical,2019~2022,2023,47,1419,True,elasticnet,0.1,0.25,saga,0.24997843577629167,0.24998932846064015,0.24991038559728726,0.6931741601873118,1419,1144,275,0.1937984496124031,26,True,False,,17.57800728100119,227.93305708000116,0.04886843200074509
3,LR-D-PitcherID-Historical,2019~2023,2024,47,1553,True,elasticnet,0.1,0.25,saga,0.24920113427911406,0.24945317396163488,0.24818413003145262,0.6915673869340474,1553,1299,254,0.16355441081777206,16,True,False,,21.018469179998647,190.31013588300266,0.053158274000452366
1,LR-D-PitcherID-Historical,2019~2021,2022,47,1243,True,elasticnet,1.0,0.25,saga,0.2448178419055477,0.24495046995356984,0.2441078068393177,0.682597159672527,1243,1235,8,0.006436041834271922,20,True,False,,13.281633615000828,139.31267315900004,0.037755310000648024
2,LR-D-PitcherID-Historical,2019~2022,2023,47,1419,True,elasticnet,1.0,0.25,saga,0.2500355120243338,0.2500501688580245,0.2499439459673012,0.6932925105765045,1419,1403,16,0.01127554615926709,20,True,False,,17.57800728100119,205.40870494699993,0.04220820899718092
3,LR-D-PitcherID-Historical,2019~2023,2024,47,1553,True,elasticnet,1.0,0.25,saga,0.2492125880379896,0.24946551840458833,0.24819198979480556,0.691591295096237,1553,1541,12,0.0077269800386349004,20,True,False,,21.018469179998647,279.1012076830011,0.04235728899948299
1,LR-D-PitcherID-Historical,2019~2021,2022,47,1243,True,elasticnet,10.0,0.25,saga,0.24480064431098486,0.24493659584904556,0.24407281666991962,0.6825629959631662,1243,1243,0,0.0,19,True,False,,13.281633615000828,134.16138516499996,0.03684950699971523
2,LR-D-PitcherID-Historical,2019~2022,2023,47,1419,True,elasticnet,10.0,0.25,saga,0.25007603872858775,0.2500938910795235,0.24996450922511965,0.6933763482838026,1419,1418,1,0.0007047216349541931,37,True,False,,17.57800728100119,387.11370758499834,0.040768178001599154
3,LR-D-PitcherID-Historical,2019~2023,2024,47,1553,True,elasticnet,10.0,0.25,saga,0.24922156883255386,0.24947491888173903,0.24819927712995585,0.6916098319114874,1553,1553,0,0.0,21,True,False,,21.018469179998647,297.552738092003,0.08316259999992326
1,LR-D-PitcherID-Historical,2019~2021,2022,47,1243,True,elasticnet,100.0,0.25,saga,0.2447935157574627,0.24493221070244722,0.24405100106380215,0.6825488072122912,1243,1243,0,0.0,42,True,False,,13.281633615000828,296.50523556400003,0.037014613999417634
2,LR-D-PitcherID-Historical,2019~2022,2023,47,1419,True,elasticnet,100.0,0.25,saga,0.2501070791474775,0.25012794224280605,0.24997674053430663,0.6934432362356325,1419,1419,0,0.0,21,True,False,,17.57800728100119,218.9877025450005,0.04237278499931563
3,LR-D-PitcherID-Historical,2019~2023,2024,47,1553,True,elasticnet,100.0,0.25,saga,0.24921474339001862,0.24946444883769023,0.24820715800343898,0.6915960944771462,1553,1552,1,0.000643915003219575,15,True,False,,21.018469179998647,213.04032030700182,0.05392166199453641
1,LR-D-PitcherID-Historical,2019~2021,2022,47,1243,True,elasticnet,0.001,0.5,saga,0.24488728056077702,0.24502887590923592,0.24412923832069117,0.6827401095862505,1243,45,1198,0.9637972646822205,27,True,False,,13.281633615000828,55.793737805999626,0.031078804000571836
2,LR-D-PitcherID-Historical,2019~2022,2023,47,1419,True,elasticnet,0.001,0.5,saga,0.2499058923809884,0.24991975550211393,0.24981928490720434,0.6930176052654513,1419,44,1375,0.9689922480620154,50,True,False,,17.57800728100119,137.80607010400126,0.04071700900021824
3,LR-D-PitcherID-Historical,2019~2023,2024,47,1553,True,elasticnet,0.001,0.5,saga,0.24911384343250595,0.2493655678377491,0.24809811135884283,0.6913855932836317,1553,45,1508,0.9710238248551192,22,True,False,,21.018469179998647,79.34485164099897,0.03440379699895857
1,LR-D-PitcherID-Historical,2019~2021,2022,47,1243,True,elasticnet,0.01,0.5,saga,0.24485630291371016,0.2449815591022292,0.24418573369824462,0.6826740031331822,1243,193,1050,0.8447304907481898,46,True,False,,13.281633615000828,122.78155727000012,0.042310542999985046
2,LR-D-PitcherID-Historical,2019~2022,2023,47,1419,True,elasticnet,0.01,0.5,saga,0.2499245287710625,0.2499328209275289,0.24987272494440127,0.6930638141378106,1419,230,1189,0.8379140239605356,35,True,False,,17.57800728100119,133.09084154300217,0.04918952300067758
3,LR-D-PitcherID-Historical,2019~2023,2024,47,1553,True,elasticnet,0.01,0.5,saga,0.2491781167647667,0.24943068947150185,0.24815896171337212,0.6915192323398003,1553,256,1297,0.8351577591757888,25,True,False,,21.018469179998647,122.99859956799628,0.04239794000022812
1,LR-D-PitcherID-Historical,2019~2021,2022,47,1243,True,elasticnet,0.1,0.5,saga,0.24483870330112295,0.24496185155155697,0.24417941910402366,0.6826374700604809,1243,837,406,0.3266291230893001,23,True,False,,13.281633615000828,121.32324314200014,0.036355999000079464
2,LR-D-PitcherID-Historical,2019~2022,2023,47,1419,True,elasticnet,0.1,0.5,saga,0.24998473779364688,0.24999539362076756,0.24991816733958797,0.6931870478600699,1419,933,486,0.34249471458773784,29,True,False,,17.57800728100119,221.50445673099966,0.04013044599923887
3,LR-D-PitcherID-Historical,2019~2023,2024,47,1553,True,elasticnet,0.1,0.5,saga,0.2492271443644996,0.24948395935812429,0.24819087127937628,0.6916201291179768,1553,1073,480,0.30907920154539603,17,True,False,,21.018469179998647,178.85098990400002,0.04336510300345253
1,LR-D-PitcherID-Historical,2019~2021,2022,47,1243,True,elasticnet,1.0,0.5,saga,0.2448169310194185,0.2449488906477294,0.24411047439259848,0.6825950504451215,1243,1218,25,0.02011263073209976,19,True,False,,13.281633615000828,129.69541331800065,0.038742385999285034
2,LR-D-PitcherID-Historical,2019~2022,2023,47,1419,True,elasticnet,1.0,0.5,saga,0.25003947840216073,0.25005370322250253,0.24995061127450052,0.6933004388103767,1419,1376,43,0.030303030303030304,20,True,False,,17.57800728100119,201.5441605390006,0.050164362000941765
3,LR-D-PitcherID-Historical,2019~2023,2024,47,1553,True,elasticnet,1.0,0.5,saga,0.24921044105116846,0.24946321140354183,0.2481904884807028,0.6915869523712455,1553,1514,39,0.025112685125563427,19,True,False,,21.018469179998647,258.5737288840028,0.0472625109978253
1,LR-D-PitcherID-Historical,2019~2021,2022,47,1243,True,elasticnet,10.0,0.5,saga,0.24479888885052323,0.2449348065522748,0.24407124235489705,0.6825590015089426,1243,1243,0,0.0,19,True,False,,13.281633615000828,133.4434030199991,0.0360441400007403
2,LR-D-PitcherID-Historical,2019~2022,2023,47,1419,True,elasticnet,10.0,0.5,saga,0.25007803389134803,0.25009556345620515,0.24996852093859623,0.693380255591286,1419,1417,2,0.0014094432699083862,37,True,False,,17.57800728100119,384.9947063770014,0.04085047599801328
3,LR-D-PitcherID-Historical,2019~2023,2024,47,1553,True,elasticnet,10.0,0.5,saga,0.24922966238440122,0.24948490373794055,0.24819973908767218,0.6916262794163244,1553,1553,0,0.0,18,True,False,,21.018469179998647,255.07081210800243,0.04805063199455617
1,LR-D-PitcherID-Historical,2019~2021,2022,47,1243,True,elasticnet,100.0,0.5,saga,0.244791680361583,0.2449303903826393,0.24404908495694383,0.6825446468840842,1243,1243,0,0.0,41,True,False,,13.281633615000828,288.6401219290001,0.04715003599994816
2,LR-D-PitcherID-Historical,2019~2022,2023,47,1419,True,elasticnet,100.0,0.5,saga,0.25010974024284244,0.25013030076385656,0.2499812919108548,0.6934484728601897,1419,1418,1,0.0007047216349541931,21,True,False,,17.57800728100119,219.32518882799923,0.06139271000211011
3,LR-D-PitcherID-Historical,2019~2023,2024,47,1553,True,elasticnet,100.0,0.5,saga,0.24921443131549695,0.24946448570559215,0.2482054379128325,0.6915954993366963,1553,1553,0,0.0,15,True,False,,21.018469179998647,211.93308643199998,0.05475514700083295
1,LR-D-PitcherID-Historical,2019~2021,2022,47,1243,True,elasticnet,0.001,0.75,saga,0.24487114418646894,0.24501322679187332,0.24411049337660715,0.6827056212427204,1243,36,1207,0.9710378117457763,27,True,False,,13.281633615000828,54.59587673900023,0.03183382099996379
2,LR-D-PitcherID-Historical,2019~2022,2023,47,1419,True,elasticnet,0.001,0.75,saga,0.2499174065834348,0.2499328279264373,0.24982106438547627,0.6930412462632518,1419,30,1389,0.9788583509513742,33,True,False,,17.57800728100119,89.26744008899914,0.04055017700011376
3,LR-D-PitcherID-Historical,2019~2023,2024,47,1553,True,elasticnet,0.001,0.75,saga,0.2491170695318738,0.24937172121502482,0.24808952561161327,0.6913918287286409,1553,41,1512,0.9735994848679974,24,True,False,,21.018469179998647,82.63970467599574,0.03958368700114079
1,LR-D-PitcherID-Historical,2019~2021,2022,47,1243,True,elasticnet,0.01,0.75,saga,0.2448440470106944,0.24496926158592422,0.24417370057536586,0.68264803904215,1243,128,1115,0.8970233306516492,45,True,False,,13.281633615000828,109.89686312199956,0.03670777899969835
2,LR-D-PitcherID-Historical,2019~2022,2023,47,1419,True,elasticnet,0.01,0.75,saga,0.24992496098392286,0.249932953589179,0.2498750285521194,0.693064783033104,1419,155,1264,0.8907681465821,31,True,False,,17.57800728100119,104.08239400199818,0.0372605439988547
3,LR-D-PitcherID-Historical,2019~2023,2024,47,1553,True,elasticnet,0.01,0.75,saga,0.24916780609534242,0.2494202076915343,0.24814934149137177,0.6914981978621213,1553,167,1386,0.892466194462331,22,True,False,,21.018469179998647,97.2701972720024,0.03696591499465285
1,LR-D-PitcherID-Historical,2019~2021,2022,47,1243,True,elasticnet,0.1,0.75,saga,0.2448274453348556,0.24495194168792433,0.24416094396041088,0.6826138774320806,1243,708,535,0.43041029766693484,28,True,False,,13.281633615000828,132.81601617100023,0.036027394999109674
2,LR-D-PitcherID-Historical,2019~2022,2023,47,1419,True,elasticnet,0.1,0.75,saga,0.2499870504956317,0.249997551818385,0.24992144528113355,0.6931916503488994,1419,825,594,0.4186046511627907,26,True,False,,17.57800728100119,180.73679827700107,0.04125069599831477
3,LR-D-PitcherID-Historical,2019~2023,2024,47,1553,True,elasticnet,0.1,0.75,saga,0.24920164693742808,0.24945430755460624,0.24818213715898044,0.6915683685099115,1553,920,633,0.407598197037991,27,True,False,,21.018469179998647,254.62068626799737,0.0421978369995486
1,LR-D-PitcherID-Historical,2019~2021,2022,47,1243,True,elasticnet,1.0,0.75,saga,0.24480776565002824,0.24494052144672723,0.24409704667084325,0.6825757791016257,1243,1194,49,0.039420756234915526,19,True,False,,13.281633615000828,128.13678474699918,0.03632800799823599
2,LR-D-PitcherID-Historical,2019~2022,2023,47,1419,True,elasticnet,1.0,0.75,saga,0.25004240676824613,0.2500565392047949,0.24995411679250254,0.6933063986701145,1419,1345,74,0.05214940098661029,20,True,False,,17.57800728100119,197.66138749799939,0.04250790399964899
3,LR-D-PitcherID-Historical,2019~2023,2024,47,1553,True,elasticnet,1.0,0.75,saga,0.2492359064487939,0.2494931756407997,0.2481978006297205,0.6916385803283408,1553,1486,67,0.043142305215711524,17,True,False,,21.018469179998647,227.43628084100055,0.05489832600142108
1,LR-D-PitcherID-Historical,2019~2021,2022,47,1243,True,elasticnet,10.0,0.75,saga,0.24479154612186807,0.24492804908247548,0.24406076639525004,0.6825434007098673,1243,1241,2,0.0016090104585679806,20,True,False,,13.281633615000828,140.88514158600083,0.03717021299962653
2,LR-D-PitcherID-Historical,2019~2022,2023,47,1419,True,elasticnet,10.0,0.75,saga,0.25008000374796774,0.2500976053794467,0.24997004057134556,0.6933842026662929,1419,1416,3,0.0021141649048625794,37,True,False,,17.57800728100119,384.91843454300033,0.049265101999480976
3,LR-D-PitcherID-Historical,2019~2023,2024,47,1553,True,elasticnet,10.0,0.75,saga,0.2492289588559474,0.24948415073730276,0.24819923518421777,0.6916248427089631,1553,1551,2,0.00128783000643915,18,True,False,,21.018469179998647,254.00621504100127,0.043080697003460955
1,LR-D-PitcherID-Historical,2019~2021,2022,47,1243,True,elasticnet,100.0,0.75,saga,0.24478557631155995,0.24492478788997432,0.2440402957787198,0.6825316253523308,1243,1243,0,0.0,41,True,False,,13.281633615000828,289.26491365699985,0.036187223999149865
2,LR-D-PitcherID-Historical,2019~2022,2023,47,1419,True,elasticnet,100.0,0.75,saga,0.25011118939449484,0.2501318123723292,0.24998235087422474,0.6934514011502572,1419,1419,0,0.0,21,True,False,,17.57800728100119,219.657241056997,0.0406313349994889
3,LR-D-PitcherID-Historical,2019~2023,2024,47,1553,True,elasticnet,100.0,0.75,saga,0.24921667261991162,0.24946724287058247,0.24820559767043915,0.6916000476909734,1553,1553,0,0.0,14,True,False,,21.018469179998647,198.62517755899898,0.04265240800305037
1,LR-D-PitcherID-Historical,2019~2021,2022,47,1243,True,l1,0.001,,saga,0.24486243586166806,0.2450068162249073,0.24408948381793605,0.6826877463367902,1243,26,1217,0.9790828640386162,35,True,False,,13.281633615000828,69.97966133199952,0.03425582700037921
2,LR-D-PitcherID-Historical,2019~2022,2023,47,1419,True,l1,0.001,,saga,0.24989261127779985,0.24991348328884383,0.249762216965225,0.6929882336499293,1419,25,1394,0.9823819591261451,30,True,False,,17.57800728100119,81.60247512600108,0.04958430900296662
3,LR-D-PitcherID-Historical,2019~2023,2024,47,1553,True,l1,0.001,,saga,0.24912918504930878,0.2493862465150975,0.24809191742540784,0.6914161224668514,1553,36,1517,0.9768190598840953,34,True,False,,21.018469179998647,115.70461082600013,0.04355627699987963
1,LR-D-PitcherID-Historical,2019~2021,2022,47,1243,True,l1,0.01,,saga,0.24483684558690139,0.2449623199703985,0.24416510824683518,0.6826335624961404,1243,111,1132,0.910699919549477,34,True,False,,13.281633615000828,81.29586891999861,0.03471531399918604
2,LR-D-PitcherID-Historical,2019~2022,2023,47,1419,True,l1,0.01,,saga,0.24994243948723147,0.2499519868096544,0.24988279422632928,0.6931006354348056,1419,120,1299,0.9154334038054969,32,True,False,,17.57800728100119,102.35545842099964,0.039717306000966346
3,LR-D-PitcherID-Historical,2019~2023,2024,47,1553,True,l1,0.01,,saga,0.2491787129125678,0.24943292910337206,0.2481529262456176,0.691520405442647,1553,126,1427,0.9188667095943336,24,True,False,,21.018469179998647,97.96192986599999,0.04245262399854255
1,LR-D-PitcherID-Historical,2019~2021,2022,47,1243,True,l1,0.1,,saga,0.2448260655953265,0.2449499313494615,0.24416294018367696,0.6826111622384796,1243,610,633,0.5092518101367659,34,True,False,,13.281633615000828,148.36346797899932,0.041488304999802494
2,LR-D-PitcherID-Historical,2019~2022,2023,47,1419,True,l1,0.1,,saga,0.2499999955977783,0.25001099872747085,0.24993125543041167,0.6932186247393216,1419,702,717,0.5052854122621564,28,True,False,,17.57800728100119,178.1801977440009,0.04068578200167394
3,LR-D-PitcherID-Historical,2019~2023,2024,47,1553,True,l1,0.1,,saga,0.24920200561387373,0.2494546041738922,0.24818274624200592,0.6915691452524837,1553,806,747,0.48100450740502254,27,True,False,,21.018469179998647,235.38801977300318,0.045596589996421244
1,LR-D-PitcherID-Historical,2019~2021,2022,47,1243,True,l1,1.0,,saga,0.24480856853602878,0.24494107957572925,0.24409915988338618,0.6825773930355424,1243,1166,77,0.061946902654867256,25,True,False,,13.281633615000828,164.74360475600042,0.03627910599971074
2,LR-D-PitcherID-Historical,2019~2022,2023,47,1419,True,l1,1.0,,saga,0.2500500394546091,0.2500639888822824,0.24996289279545636,0.6933218344286282,1419,1309,110,0.07751937984496124,22,True,False,,17.57800728100119,213.33725176200096,0.04166805100248894
3,LR-D-PitcherID-Historical,2019~2023,2024,47,1553,True,l1,1.0,,saga,0.2492370216443507,0.24949433298188914,0.24819874576401837,0.6916408212467146,1553,1454,99,0.06374758531873792,17,True,False,,21.018469179998647,223.0347104629982,0.04258269799902337
1,LR-D-PitcherID-Historical,2019~2021,2022,47,1243,True,l1,10.0,,saga,0.24479539335316966,0.24493093438297128,0.24406976340153125,0.6825514886996178,1243,1242,1,0.0008045052292839903,23,True,False,,13.281633615000828,161.5328313709997,0.03620271600084379
2,LR-D-PitcherID-Historical,2019~2022,2023,47,1419,True,l1,10.0,,saga,0.2500853087066519,0.250102691819261,0.24997671068922644,0.6933950557696358,1419,1416,3,0.0021141649048625794,37,True,False,,17.57800728100119,384.310411966002,0.10051453200139804
3,LR-D-PitcherID-Historical,2019~2023,2024,47,1553,True,l1,10.0,,saga,0.24924945596436254,0.24950677967408566,0.24821113016108065,0.6916662403685905,1553,1551,2,0.00128783000643915,17,True,False,,21.018469179998647,238.8984239420024,0.042509971994149964
1,LR-D-PitcherID-Historical,2019~2021,2022,47,1243,True,l1,100.0,,saga,0.24478540977272212,0.24492468313482418,0.2440397984758736,0.6825312927204337,1243,1243,0,0.0,40,True,False,,13.281633615000828,282.194297207001,0.036241073001292534
2,LR-D-PitcherID-Historical,2019~2022,2023,47,1419,True,l1,100.0,,saga,0.2501142459951316,0.2501347423117601,0.2499861987690418,0.6934575640685224,1419,1419,0,0.0,21,True,False,,17.57800728100119,219.88523025000177,0.04133365199959371
3,LR-D-PitcherID-Historical,2019~2023,2024,47,1553,True,l1,100.0,,saga,0.24921821613879594,0.24946864142606956,0.24820772613050898,0.6916031731964528,1553,1553,0,0.0,14,True,False,,21.018469179998647,198.40637601200433,0.045239225997647736
1,LR-D-PitcherID-Historical,2019~2021,2022,47,1243,True,l2,0.001,,saga,0.24415078832408957,0.24427716304525388,0.24347423095293141,0.6811997761035856,1243,1243,0,0.0,340,True,False,,13.281633615000828,613.8755884049988,0.04161048599962669
2,LR-D-PitcherID-Historical,2019~2022,2023,47,1419,True,l2,0.001,,saga,0.25141259670349453,0.2514713639828693,0.2510454581953822,0.6961671090101322,1419,1419,0,0.0,312,True,False,,17.57800728100119,761.5312674169982,0.11720894099926227
3,LR-D-PitcherID-Historical,2019~2023,2024,47,1553,True,l2,0.001,,saga,0.2498435573528395,0.25010737819806683,0.24877901498580357,0.6928753295853561,1553,1553,0,0.0,259,True,False,,21.018469179998647,797.2904777520016,0.06867040900033317
1,LR-D-PitcherID-Historical,2019~2021,2022,47,1243,True,l2,0.01,,saga,0.24412480918777563,0.24425556824245762,0.24342477992974254,0.681147120641535,1243,1243,0,0.0,29,True,False,,13.281633615000828,52.557713256999705,0.04529137400095351
2,LR-D-PitcherID-Historical,2019~2022,2023,47,1419,True,l2,0.01,,saga,0.25144893550698677,0.25152220992373053,0.2509911661439619,0.6962483758135326,1419,1419,0,0.0,23,True,False,,17.57800728100119,55.647548904998985,0.050300134000281105
3,LR-D-PitcherID-Historical,2019~2023,2024,47,1553,True,l2,0.01,,saga,0.24980996452897805,0.25006770109910953,0.2487699727944238,0.6928078233578375,1553,1553,0,0.0,13,True,False,,21.018469179998647,40.09936235999703,0.03228220000164583
1,LR-D-PitcherID-Historical,2019~2021,2022,47,1243,True,l2,0.1,,saga,0.24410588846653009,0.24423642039713472,0.24340707513575893,0.6811086605790193,1243,1243,0,0.0,27,True,False,,13.281633615000828,48.86550680399887,0.02992061199984164
2,LR-D-PitcherID-Historical,2019~2022,2023,47,1419,True,l2,0.1,,saga,0.2514900772552177,0.25157294989914497,0.2509723446125205,0.696339718032939,1419,1419,0,0.0,15,True,False,,17.57800728100119,36.648352864001936,0.031861936000495916
3,LR-D-PitcherID-Historical,2019~2023,2024,47,1553,True,l2,0.1,,saga,0.24969929606289878,0.24993732493816634,0.2487388267638107,0.6925819820878844,1553,1553,0,0.0,10,True,False,,21.018469179998647,30.277754476002883,0.030491133999021258
1,LR-D-PitcherID-Historical,2019~2021,2022,47,1243,True,l2,1.0,,saga,0.2440951785773568,0.24422200593420926,0.24341619798414507,0.6810871895963145,1243,1243,0,0.0,16,True,False,,13.281633615000828,28.98337876900041,0.034417585000483086
2,LR-D-PitcherID-Historical,2019~2022,2023,47,1419,True,l2,1.0,,saga,0.2515798431250438,0.25167700617067457,0.25097283364636647,0.6965386613026,1419,1419,0,0.0,10,True,False,,17.57800728100119,24.917398508001497,0.03014147599969874
3,LR-D-PitcherID-Historical,2019~2023,2024,47,1553,True,l2,1.0,,saga,0.2497137582123055,0.24995245702968003,0.24875058563267946,0.6926117196759641,1553,1553,0,0.0,10,True,False,,21.018469179998647,30.54057004599963,0.03806305100079044
1,LR-D-PitcherID-Historical,2019~2021,2022,47,1243,True,l2,10.0,,saga,0.2440903767957871,0.24422206994526496,0.243385346785121,0.6810759968017184,1243,1243,0,0.0,15,True,False,,13.281633615000828,27.218094609999753,0.031178679999356973
2,LR-D-PitcherID-Historical,2019~2022,2023,47,1419,True,l2,10.0,,saga,0.25136828205683637,0.25141681000628757,0.251065112007911,0.6960688557667222,1419,1419,0,0.0,9,True,False,,17.57800728100119,21.592958490997262,0.041821154998615384
3,LR-D-PitcherID-Historical,2019~2023,2024,47,1553,True,l2,10.0,,saga,0.24975227209046208,0.24999604526322408,0.24876862400106128,0.6926886435174081,1553,1553,0,0.0,10,True,False,,21.018469179998647,31.055685187999188,0.04192335300103878
1,LR-D-PitcherID-Historical,2019~2021,2022,47,1243,True,l2,100.0,,saga,0.24408976419094267,0.24422293910265014,0.24337680144539514,0.681073697027481,1243,1243,0,0.0,11,True,False,,13.281633615000828,19.278888304999782,0.029618604999996023
2,LR-D-PitcherID-Historical,2019~2022,2023,47,1419,True,l2,100.0,,saga,0.25139834583075577,0.2514485735975533,0.25108455646422273,0.696132937254792,1419,1419,0,0.0,9,True,False,,17.57800728100119,22.623000226998556,0.04317358300249907
3,LR-D-PitcherID-Historical,2019~2023,2024,47,1553,True,l2,100.0,,saga,0.2499165873762579,0.2501871281966457,0.24882492926612124,0.6930252669331444,1553,1553,0,0.0,15,True,False,,21.018469179998647,45.982671961999586,0.03198890199928428
